--
-- PostgreSQL database dump
--

-- Dumped from database version 13.4
-- Dumped by pg_dump version 13.4

-- Started on 2022-05-24 19:33:05

SET statement_timeout = 0;
SET lock_timeout = 0;
SET idle_in_transaction_session_timeout = 0;
SET client_encoding = 'UTF8';
SET standard_conforming_strings = on;
SELECT pg_catalog.set_config('search_path', '', false);
SET check_function_bodies = false;
SET xmloption = content;
SET client_min_messages = warning;
SET row_security = off;

SET default_tablespace = '';

SET default_table_access_method = heap;

--
-- TOC entry 212 (class 1259 OID 25559)
-- Name: administrator; Type: TABLE; Schema: public; Owner: postgres
--

CREATE TABLE public.administrator (
    id integer NOT NULL,
    name character varying NOT NULL,
    surname character varying,
    is_male boolean DEFAULT true NOT NULL,
    work_start_date date NOT NULL,
    social_status integer NOT NULL,
    login character varying NOT NULL
);


ALTER TABLE public.administrator OWNER TO postgres;

--
-- TOC entry 211 (class 1259 OID 25557)
-- Name: administrator_id_seq; Type: SEQUENCE; Schema: public; Owner: postgres
--

ALTER TABLE public.administrator ALTER COLUMN id ADD GENERATED BY DEFAULT AS IDENTITY (
    SEQUENCE NAME public.administrator_id_seq
    START WITH 1
    INCREMENT BY 1
    NO MINVALUE
    NO MAXVALUE
    CACHE 1
);


--
-- TOC entry 226 (class 1259 OID 25695)
-- Name: disease_case; Type: TABLE; Schema: public; Owner: postgres
--

CREATE TABLE public.disease_case (
    id integer NOT NULL,
    patient_id integer NOT NULL,
    administrator_id integer NOT NULL,
    healer_id integer NOT NULL,
    disease_id integer NOT NULL,
    registration_time timestamp without time zone NOT NULL,
    request_id integer,
    prayer_id integer,
    actions character varying,
    patient_complaints character varying
);


ALTER TABLE public.disease_case OWNER TO postgres;

--
-- TOC entry 225 (class 1259 OID 25693)
-- Name: case_id_seq; Type: SEQUENCE; Schema: public; Owner: postgres
--

ALTER TABLE public.disease_case ALTER COLUMN id ADD GENERATED BY DEFAULT AS IDENTITY (
    SEQUENCE NAME public.case_id_seq
    START WITH 1
    INCREMENT BY 1
    NO MINVALUE
    NO MAXVALUE
    CACHE 1
);


--
-- TOC entry 203 (class 1259 OID 25499)
-- Name: disease_dict; Type: TABLE; Schema: public; Owner: postgres
--

CREATE TABLE public.disease_dict (
    id integer NOT NULL,
    title character varying,
    symptoms character varying,
    recipe character varying
);


ALTER TABLE public.disease_dict OWNER TO postgres;

--
-- TOC entry 202 (class 1259 OID 25497)
-- Name: disease_id_seq; Type: SEQUENCE; Schema: public; Owner: postgres
--

ALTER TABLE public.disease_dict ALTER COLUMN id ADD GENERATED BY DEFAULT AS IDENTITY (
    SEQUENCE NAME public.disease_id_seq
    START WITH 1
    INCREMENT BY 1
    NO MINVALUE
    NO MAXVALUE
    CACHE 1
);


--
-- TOC entry 206 (class 1259 OID 25517)
-- Name: god; Type: TABLE; Schema: public; Owner: postgres
--

CREATE TABLE public.god (
    id integer NOT NULL,
    name character varying NOT NULL,
    login character varying NOT NULL
);


ALTER TABLE public.god OWNER TO postgres;

--
-- TOC entry 205 (class 1259 OID 25515)
-- Name: god_id_seq; Type: SEQUENCE; Schema: public; Owner: postgres
--

ALTER TABLE public.god ALTER COLUMN id ADD GENERATED BY DEFAULT AS IDENTITY (
    SEQUENCE NAME public.god_id_seq
    START WITH 1
    INCREMENT BY 1
    NO MINVALUE
    NO MAXVALUE
    CACHE 1
);


--
-- TOC entry 214 (class 1259 OID 25580)
-- Name: healer; Type: TABLE; Schema: public; Owner: postgres
--

CREATE TABLE public.healer (
    id integer NOT NULL,
    name character varying NOT NULL,
    surname character varying,
    is_male boolean DEFAULT true NOT NULL,
    work_start_date date NOT NULL,
    social_status integer NOT NULL,
    healer_power integer NOT NULL,
    queue integer DEFAULT 0 NOT NULL,
    login character varying NOT NULL
);


ALTER TABLE public.healer OWNER TO postgres;

--
-- TOC entry 213 (class 1259 OID 25578)
-- Name: healer_id_seq; Type: SEQUENCE; Schema: public; Owner: postgres
--

ALTER TABLE public.healer ALTER COLUMN id ADD GENERATED BY DEFAULT AS IDENTITY (
    SEQUENCE NAME public.healer_id_seq
    START WITH 1
    INCREMENT BY 1
    NO MINVALUE
    NO MAXVALUE
    CACHE 1
);


--
-- TOC entry 208 (class 1259 OID 25532)
-- Name: helper; Type: TABLE; Schema: public; Owner: postgres
--

CREATE TABLE public.helper (
    id integer NOT NULL,
    name character varying NOT NULL,
    surname character varying,
    is_male boolean DEFAULT true NOT NULL,
    work_start_date timestamp without time zone NOT NULL,
    login character varying NOT NULL
);


ALTER TABLE public.helper OWNER TO postgres;

--
-- TOC entry 207 (class 1259 OID 25530)
-- Name: helper_id_seq; Type: SEQUENCE; Schema: public; Owner: postgres
--

ALTER TABLE public.helper ALTER COLUMN id ADD GENERATED BY DEFAULT AS IDENTITY (
    SEQUENCE NAME public.helper_id_seq
    START WITH 1
    INCREMENT BY 1
    NO MINVALUE
    NO MAXVALUE
    CACHE 1
);


--
-- TOC entry 204 (class 1259 OID 25507)
-- Name: login_info; Type: TABLE; Schema: public; Owner: postgres
--

CREATE TABLE public.login_info (
    login character varying NOT NULL,
    password character varying NOT NULL,
    role_id integer
);


ALTER TABLE public.login_info OWNER TO postgres;

--
-- TOC entry 228 (class 1259 OID 25735)
-- Name: order; Type: TABLE; Schema: public; Owner: postgres
--

CREATE TABLE public."order" (
    id integer NOT NULL,
    request_id integer NOT NULL,
    resource_id integer NOT NULL,
    amount integer,
    received boolean
);


ALTER TABLE public."order" OWNER TO postgres;

--
-- TOC entry 227 (class 1259 OID 25733)
-- Name: order_id_seq; Type: SEQUENCE; Schema: public; Owner: postgres
--

ALTER TABLE public."order" ALTER COLUMN id ADD GENERATED BY DEFAULT AS IDENTITY (
    SEQUENCE NAME public.order_id_seq
    START WITH 1
    INCREMENT BY 1
    NO MINVALUE
    NO MAXVALUE
    CACHE 1
);


--
-- TOC entry 216 (class 1259 OID 25602)
-- Name: patient; Type: TABLE; Schema: public; Owner: postgres
--

CREATE TABLE public.patient (
    id integer NOT NULL,
    name character varying NOT NULL,
    surname character varying,
    is_male boolean DEFAULT true NOT NULL,
    registration_time timestamp without time zone NOT NULL,
    is_mage boolean DEFAULT false NOT NULL,
    social_status integer NOT NULL,
    patronymic character varying
);


ALTER TABLE public.patient OWNER TO postgres;

--
-- TOC entry 215 (class 1259 OID 25600)
-- Name: patient_id_seq; Type: SEQUENCE; Schema: public; Owner: postgres
--

ALTER TABLE public.patient ALTER COLUMN id ADD GENERATED BY DEFAULT AS IDENTITY (
    SEQUENCE NAME public.patient_id_seq
    START WITH 1
    INCREMENT BY 1
    NO MINVALUE
    NO MAXVALUE
    CACHE 1
);


--
-- TOC entry 222 (class 1259 OID 25639)
-- Name: prayer; Type: TABLE; Schema: public; Owner: postgres
--

CREATE TABLE public.prayer (
    id integer NOT NULL,
    healer_id integer NOT NULL,
    god_id integer NOT NULL,
    patient_id integer NOT NULL,
    pray_text character varying,
    pray_time timestamp without time zone NOT NULL,
    status integer NOT NULL
);


ALTER TABLE public.prayer OWNER TO postgres;

--
-- TOC entry 221 (class 1259 OID 25637)
-- Name: prayer_id_seq; Type: SEQUENCE; Schema: public; Owner: postgres
--

ALTER TABLE public.prayer ALTER COLUMN id ADD GENERATED BY DEFAULT AS IDENTITY (
    SEQUENCE NAME public.prayer_id_seq
    START WITH 1
    INCREMENT BY 1
    NO MINVALUE
    NO MAXVALUE
    CACHE 1
);


--
-- TOC entry 218 (class 1259 OID 25619)
-- Name: prayer_status_dict; Type: TABLE; Schema: public; Owner: postgres
--

CREATE TABLE public.prayer_status_dict (
    id integer NOT NULL,
    name character varying,
    code character varying
);


ALTER TABLE public.prayer_status_dict OWNER TO postgres;

--
-- TOC entry 217 (class 1259 OID 25617)
-- Name: prayer_status_dict_id_seq; Type: SEQUENCE; Schema: public; Owner: postgres
--

ALTER TABLE public.prayer_status_dict ALTER COLUMN id ADD GENERATED BY DEFAULT AS IDENTITY (
    SEQUENCE NAME public.prayer_status_dict_id_seq
    START WITH 1
    INCREMENT BY 1
    NO MINVALUE
    NO MAXVALUE
    CACHE 1
);


--
-- TOC entry 224 (class 1259 OID 25669)
-- Name: request; Type: TABLE; Schema: public; Owner: postgres
--

CREATE TABLE public.request (
    id integer NOT NULL,
    healer_id integer NOT NULL,
    helper_id integer NOT NULL,
    request_time timestamp without time zone NOT NULL,
    required_penta_help boolean DEFAULT false NOT NULL,
    description character varying,
    status integer NOT NULL
);


ALTER TABLE public.request OWNER TO postgres;

--
-- TOC entry 223 (class 1259 OID 25667)
-- Name: request_id_seq; Type: SEQUENCE; Schema: public; Owner: postgres
--

ALTER TABLE public.request ALTER COLUMN id ADD GENERATED BY DEFAULT AS IDENTITY (
    SEQUENCE NAME public.request_id_seq
    START WITH 1
    INCREMENT BY 1
    NO MINVALUE
    NO MAXVALUE
    CACHE 1
);


--
-- TOC entry 220 (class 1259 OID 25629)
-- Name: request_status_dict; Type: TABLE; Schema: public; Owner: postgres
--

CREATE TABLE public.request_status_dict (
    id integer NOT NULL,
    name character varying,
    code character varying
);


ALTER TABLE public.request_status_dict OWNER TO postgres;

--
-- TOC entry 219 (class 1259 OID 25627)
-- Name: request_status_dict_id_seq; Type: SEQUENCE; Schema: public; Owner: postgres
--

ALTER TABLE public.request_status_dict ALTER COLUMN id ADD GENERATED BY DEFAULT AS IDENTITY (
    SEQUENCE NAME public.request_status_dict_id_seq
    START WITH 1
    INCREMENT BY 1
    NO MINVALUE
    NO MAXVALUE
    CACHE 1
);


--
-- TOC entry 200 (class 1259 OID 25487)
-- Name: resource_dict; Type: TABLE; Schema: public; Owner: postgres
--

CREATE TABLE public.resource_dict (
    id integer NOT NULL,
    name character varying,
    code character varying
);


ALTER TABLE public.resource_dict OWNER TO postgres;

--
-- TOC entry 201 (class 1259 OID 25495)
-- Name: resource_dict_id_seq; Type: SEQUENCE; Schema: public; Owner: postgres
--

ALTER TABLE public.resource_dict ALTER COLUMN id ADD GENERATED BY DEFAULT AS IDENTITY (
    SEQUENCE NAME public.resource_dict_id_seq
    START WITH 1
    INCREMENT BY 1
    NO MINVALUE
    NO MAXVALUE
    CACHE 1
);


--
-- TOC entry 230 (class 1259 OID 25754)
-- Name: role_dict; Type: TABLE; Schema: public; Owner: postgres
--

CREATE TABLE public.role_dict (
    id integer NOT NULL,
    name character varying,
    code character varying NOT NULL
);


ALTER TABLE public.role_dict OWNER TO postgres;

--
-- TOC entry 229 (class 1259 OID 25752)
-- Name: role_dict_id_seq; Type: SEQUENCE; Schema: public; Owner: postgres
--

ALTER TABLE public.role_dict ALTER COLUMN id ADD GENERATED BY DEFAULT AS IDENTITY (
    SEQUENCE NAME public.role_dict_id_seq
    START WITH 1
    INCREMENT BY 1
    NO MINVALUE
    NO MAXVALUE
    CACHE 1
);


--
-- TOC entry 210 (class 1259 OID 25549)
-- Name: social_status_dict; Type: TABLE; Schema: public; Owner: postgres
--

CREATE TABLE public.social_status_dict (
    id integer NOT NULL,
    name character varying NOT NULL,
    code character varying NOT NULL
);


ALTER TABLE public.social_status_dict OWNER TO postgres;

--
-- TOC entry 209 (class 1259 OID 25547)
-- Name: social_status_id_seq; Type: SEQUENCE; Schema: public; Owner: postgres
--

ALTER TABLE public.social_status_dict ALTER COLUMN id ADD GENERATED BY DEFAULT AS IDENTITY (
    SEQUENCE NAME public.social_status_id_seq
    START WITH 1
    INCREMENT BY 1
    NO MINVALUE
    NO MAXVALUE
    CACHE 1
);


--
-- TOC entry 3157 (class 0 OID 25559)
-- Dependencies: 212
-- Data for Name: administrator; Type: TABLE DATA; Schema: public; Owner: postgres
--

INSERT INTO public.administrator VALUES (1, 'Admin', 'Adminov', true, '2022-05-11', 2, 'admin');


--
-- TOC entry 3171 (class 0 OID 25695)
-- Dependencies: 226
-- Data for Name: disease_case; Type: TABLE DATA; Schema: public; Owner: postgres
--

INSERT INTO public.disease_case VALUES (1, 1, 1, 1, 1, '2022-05-11 17:07:12.619513', NULL, 1, 'Хиление', NULL);
INSERT INTO public.disease_case VALUES (2, 1, 1, 1, 1, '2022-05-11 18:07:12.619513', NULL, 2, 'Лечение', NULL);
INSERT INTO public.disease_case VALUES (3, 2, 1, 1, 1, '2022-05-21 19:49:38.084', NULL, NULL, NULL, 'Больно');
INSERT INTO public.disease_case VALUES (4, 2, 1, 1, 1, '2022-05-22 21:53:31.948', NULL, NULL, NULL, 'Больно');


--
-- TOC entry 3148 (class 0 OID 25499)
-- Dependencies: 203
-- Data for Name: disease_dict; Type: TABLE DATA; Schema: public; Owner: postgres
--

INSERT INTO public.disease_dict VALUES (1, 'Лень', 'Заполнение БД за -5 минут до начала пары', NULL);


--
-- TOC entry 3151 (class 0 OID 25517)
-- Dependencies: 206
-- Data for Name: god; Type: TABLE DATA; Schema: public; Owner: postgres
--

INSERT INTO public.god VALUES (1, 'Боже', 'god');


--
-- TOC entry 3159 (class 0 OID 25580)
-- Dependencies: 214
-- Data for Name: healer; Type: TABLE DATA; Schema: public; Owner: postgres
--

INSERT INTO public.healer VALUES (1, 'Лекарь', NULL, true, '2022-05-11', 1, 100, 0, 'healer');


--
-- TOC entry 3153 (class 0 OID 25532)
-- Dependencies: 208
-- Data for Name: helper; Type: TABLE DATA; Schema: public; Owner: postgres
--



--
-- TOC entry 3149 (class 0 OID 25507)
-- Dependencies: 204
-- Data for Name: login_info; Type: TABLE DATA; Schema: public; Owner: postgres
--

INSERT INTO public.login_info VALUES ('god', '$2a$12$kRTODuHJSAY6HvUWmbgvDO39AdzvhQbEAVOVZfIFXNlh.DV051/G6', 1);
INSERT INTO public.login_info VALUES ('admin', '$2a$12$a2P1FgJqY3nPS/5txpHA0OqZMgfVD8VKl/PUdUev1vmodnkmCUEcm', 2);
INSERT INTO public.login_info VALUES ('healer', '$2a$12$A1Zb0aOyxGLJH7YModCo8OHBkROxVCzPDZF7XuF8.dUZCUwA8MhP.', 3);


--
-- TOC entry 3173 (class 0 OID 25735)
-- Dependencies: 228
-- Data for Name: order; Type: TABLE DATA; Schema: public; Owner: postgres
--



--
-- TOC entry 3161 (class 0 OID 25602)
-- Dependencies: 216
-- Data for Name: patient; Type: TABLE DATA; Schema: public; Owner: postgres
--

INSERT INTO public.patient VALUES (1, 'Пациент', NULL, true, '2022-05-11 17:05:18.39405', false, 3, NULL);
INSERT INTO public.patient VALUES (2, 'Поц', 'Пацев', true, '2022-05-15 17:05:18.39405', false, 1, NULL);


--
-- TOC entry 3167 (class 0 OID 25639)
-- Dependencies: 222
-- Data for Name: prayer; Type: TABLE DATA; Schema: public; Owner: postgres
--

INSERT INTO public.prayer VALUES (2, 1, 1, 1, 'Придумал', '2022-05-11 18:11:54.23321', 1);
INSERT INTO public.prayer VALUES (1, 1, 1, 1, 'Не будь нехорошим богом, помоги, а, ну чо те стоит?', '2022-05-11 17:11:54.23321', 1);


--
-- TOC entry 3163 (class 0 OID 25619)
-- Dependencies: 218
-- Data for Name: prayer_status_dict; Type: TABLE DATA; Schema: public; Owner: postgres
--

INSERT INTO public.prayer_status_dict VALUES (1, 'Новый', 'new');
INSERT INTO public.prayer_status_dict VALUES (2, 'Отклонён', 'rejected');
INSERT INTO public.prayer_status_dict VALUES (3, 'Удовлетворён', 'accepted');


--
-- TOC entry 3169 (class 0 OID 25669)
-- Dependencies: 224
-- Data for Name: request; Type: TABLE DATA; Schema: public; Owner: postgres
--



--
-- TOC entry 3165 (class 0 OID 25629)
-- Dependencies: 220
-- Data for Name: request_status_dict; Type: TABLE DATA; Schema: public; Owner: postgres
--



--
-- TOC entry 3145 (class 0 OID 25487)
-- Dependencies: 200
-- Data for Name: resource_dict; Type: TABLE DATA; Schema: public; Owner: postgres
--



--
-- TOC entry 3175 (class 0 OID 25754)
-- Dependencies: 230
-- Data for Name: role_dict; Type: TABLE DATA; Schema: public; Owner: postgres
--

INSERT INTO public.role_dict VALUES (1, 'Бог', 'god');
INSERT INTO public.role_dict VALUES (2, 'Администратор', 'administrator');
INSERT INTO public.role_dict VALUES (3, 'Лекарь', 'healer');
INSERT INTO public.role_dict VALUES (4, 'Помощник', 'helper');


--
-- TOC entry 3155 (class 0 OID 25549)
-- Dependencies: 210
-- Data for Name: social_status_dict; Type: TABLE DATA; Schema: public; Owner: postgres
--

INSERT INTO public.social_status_dict VALUES (1, 'Простолюдин', 'commoner');
INSERT INTO public.social_status_dict VALUES (2, 'Аристократ', 'aristocrat');
INSERT INTO public.social_status_dict VALUES (3, 'Раб', 'slave');


--
-- TOC entry 3193 (class 0 OID 0)
-- Dependencies: 211
-- Name: administrator_id_seq; Type: SEQUENCE SET; Schema: public; Owner: postgres
--

SELECT pg_catalog.setval('public.administrator_id_seq', 1, true);


--
-- TOC entry 3194 (class 0 OID 0)
-- Dependencies: 225
-- Name: case_id_seq; Type: SEQUENCE SET; Schema: public; Owner: postgres
--

SELECT pg_catalog.setval('public.case_id_seq', 4, true);


--
-- TOC entry 3195 (class 0 OID 0)
-- Dependencies: 202
-- Name: disease_id_seq; Type: SEQUENCE SET; Schema: public; Owner: postgres
--

SELECT pg_catalog.setval('public.disease_id_seq', 1, true);


--
-- TOC entry 3196 (class 0 OID 0)
-- Dependencies: 205
-- Name: god_id_seq; Type: SEQUENCE SET; Schema: public; Owner: postgres
--

SELECT pg_catalog.setval('public.god_id_seq', 1, true);


--
-- TOC entry 3197 (class 0 OID 0)
-- Dependencies: 213
-- Name: healer_id_seq; Type: SEQUENCE SET; Schema: public; Owner: postgres
--

SELECT pg_catalog.setval('public.healer_id_seq', 1, true);


--
-- TOC entry 3198 (class 0 OID 0)
-- Dependencies: 207
-- Name: helper_id_seq; Type: SEQUENCE SET; Schema: public; Owner: postgres
--

SELECT pg_catalog.setval('public.helper_id_seq', 1, false);


--
-- TOC entry 3199 (class 0 OID 0)
-- Dependencies: 227
-- Name: order_id_seq; Type: SEQUENCE SET; Schema: public; Owner: postgres
--

SELECT pg_catalog.setval('public.order_id_seq', 1, false);


--
-- TOC entry 3200 (class 0 OID 0)
-- Dependencies: 215
-- Name: patient_id_seq; Type: SEQUENCE SET; Schema: public; Owner: postgres
--

SELECT pg_catalog.setval('public.patient_id_seq', 10, true);


--
-- TOC entry 3201 (class 0 OID 0)
-- Dependencies: 221
-- Name: prayer_id_seq; Type: SEQUENCE SET; Schema: public; Owner: postgres
--

SELECT pg_catalog.setval('public.prayer_id_seq', 2, true);


--
-- TOC entry 3202 (class 0 OID 0)
-- Dependencies: 217
-- Name: prayer_status_dict_id_seq; Type: SEQUENCE SET; Schema: public; Owner: postgres
--

SELECT pg_catalog.setval('public.prayer_status_dict_id_seq', 3, true);


--
-- TOC entry 3203 (class 0 OID 0)
-- Dependencies: 223
-- Name: request_id_seq; Type: SEQUENCE SET; Schema: public; Owner: postgres
--

SELECT pg_catalog.setval('public.request_id_seq', 1, false);


--
-- TOC entry 3204 (class 0 OID 0)
-- Dependencies: 219
-- Name: request_status_dict_id_seq; Type: SEQUENCE SET; Schema: public; Owner: postgres
--

SELECT pg_catalog.setval('public.request_status_dict_id_seq', 1, false);


--
-- TOC entry 3205 (class 0 OID 0)
-- Dependencies: 201
-- Name: resource_dict_id_seq; Type: SEQUENCE SET; Schema: public; Owner: postgres
--

SELECT pg_catalog.setval('public.resource_dict_id_seq', 1, false);


--
-- TOC entry 3206 (class 0 OID 0)
-- Dependencies: 229
-- Name: role_dict_id_seq; Type: SEQUENCE SET; Schema: public; Owner: postgres
--

SELECT pg_catalog.setval('public.role_dict_id_seq', 1, true);


--
-- TOC entry 3207 (class 0 OID 0)
-- Dependencies: 209
-- Name: social_status_id_seq; Type: SEQUENCE SET; Schema: public; Owner: postgres
--

SELECT pg_catalog.setval('public.social_status_id_seq', 3, true);


--
-- TOC entry 2973 (class 2606 OID 25567)
-- Name: administrator administrator_pkey; Type: CONSTRAINT; Schema: public; Owner: postgres
--

ALTER TABLE ONLY public.administrator
    ADD CONSTRAINT administrator_pkey PRIMARY KEY (id);


--
-- TOC entry 2987 (class 2606 OID 25702)
-- Name: disease_case case_pkey; Type: CONSTRAINT; Schema: public; Owner: postgres
--

ALTER TABLE ONLY public.disease_case
    ADD CONSTRAINT case_pkey PRIMARY KEY (id);


--
-- TOC entry 2963 (class 2606 OID 25506)
-- Name: disease_dict disease_pkey; Type: CONSTRAINT; Schema: public; Owner: postgres
--

ALTER TABLE ONLY public.disease_dict
    ADD CONSTRAINT disease_pkey PRIMARY KEY (id);


--
-- TOC entry 2967 (class 2606 OID 25524)
-- Name: god god_pkey; Type: CONSTRAINT; Schema: public; Owner: postgres
--

ALTER TABLE ONLY public.god
    ADD CONSTRAINT god_pkey PRIMARY KEY (id);


--
-- TOC entry 2975 (class 2606 OID 25589)
-- Name: healer healer_pkey; Type: CONSTRAINT; Schema: public; Owner: postgres
--

ALTER TABLE ONLY public.healer
    ADD CONSTRAINT healer_pkey PRIMARY KEY (id);


--
-- TOC entry 2969 (class 2606 OID 25540)
-- Name: helper helper_pkey; Type: CONSTRAINT; Schema: public; Owner: postgres
--

ALTER TABLE ONLY public.helper
    ADD CONSTRAINT helper_pkey PRIMARY KEY (id);


--
-- TOC entry 2965 (class 2606 OID 25514)
-- Name: login_info login_info_pkey; Type: CONSTRAINT; Schema: public; Owner: postgres
--

ALTER TABLE ONLY public.login_info
    ADD CONSTRAINT login_info_pkey PRIMARY KEY (login);


--
-- TOC entry 2989 (class 2606 OID 25739)
-- Name: order order_pkey; Type: CONSTRAINT; Schema: public; Owner: postgres
--

ALTER TABLE ONLY public."order"
    ADD CONSTRAINT order_pkey PRIMARY KEY (id);


--
-- TOC entry 2977 (class 2606 OID 25611)
-- Name: patient patient_pkey; Type: CONSTRAINT; Schema: public; Owner: postgres
--

ALTER TABLE ONLY public.patient
    ADD CONSTRAINT patient_pkey PRIMARY KEY (id);


--
-- TOC entry 2983 (class 2606 OID 25646)
-- Name: prayer prayer_pkey; Type: CONSTRAINT; Schema: public; Owner: postgres
--

ALTER TABLE ONLY public.prayer
    ADD CONSTRAINT prayer_pkey PRIMARY KEY (id);


--
-- TOC entry 2979 (class 2606 OID 25626)
-- Name: prayer_status_dict prayer_status_dict_pkey; Type: CONSTRAINT; Schema: public; Owner: postgres
--

ALTER TABLE ONLY public.prayer_status_dict
    ADD CONSTRAINT prayer_status_dict_pkey PRIMARY KEY (id);


--
-- TOC entry 2985 (class 2606 OID 25677)
-- Name: request request_pkey; Type: CONSTRAINT; Schema: public; Owner: postgres
--

ALTER TABLE ONLY public.request
    ADD CONSTRAINT request_pkey PRIMARY KEY (id);


--
-- TOC entry 2981 (class 2606 OID 25636)
-- Name: request_status_dict request_status_dict_pkey; Type: CONSTRAINT; Schema: public; Owner: postgres
--

ALTER TABLE ONLY public.request_status_dict
    ADD CONSTRAINT request_status_dict_pkey PRIMARY KEY (id);


--
-- TOC entry 2961 (class 2606 OID 25494)
-- Name: resource_dict resource_dict_pkey; Type: CONSTRAINT; Schema: public; Owner: postgres
--

ALTER TABLE ONLY public.resource_dict
    ADD CONSTRAINT resource_dict_pkey PRIMARY KEY (id);


--
-- TOC entry 2991 (class 2606 OID 25761)
-- Name: role_dict role_dict_pkey; Type: CONSTRAINT; Schema: public; Owner: postgres
--

ALTER TABLE ONLY public.role_dict
    ADD CONSTRAINT role_dict_pkey PRIMARY KEY (id);


--
-- TOC entry 2971 (class 2606 OID 25556)
-- Name: social_status_dict social_status_pkey; Type: CONSTRAINT; Schema: public; Owner: postgres
--

ALTER TABLE ONLY public.social_status_dict
    ADD CONSTRAINT social_status_pkey PRIMARY KEY (id);


--
-- TOC entry 2996 (class 2606 OID 25573)
-- Name: administrator administrator_login_fkey; Type: FK CONSTRAINT; Schema: public; Owner: postgres
--

ALTER TABLE ONLY public.administrator
    ADD CONSTRAINT administrator_login_fkey FOREIGN KEY (login) REFERENCES public.login_info(login);


--
-- TOC entry 2995 (class 2606 OID 25568)
-- Name: administrator administrator_social_status_fkey; Type: FK CONSTRAINT; Schema: public; Owner: postgres
--

ALTER TABLE ONLY public.administrator
    ADD CONSTRAINT administrator_social_status_fkey FOREIGN KEY (social_status) REFERENCES public.social_status_dict(id);


--
-- TOC entry 3008 (class 2606 OID 25708)
-- Name: disease_case case_administrator_id_fkey; Type: FK CONSTRAINT; Schema: public; Owner: postgres
--

ALTER TABLE ONLY public.disease_case
    ADD CONSTRAINT case_administrator_id_fkey FOREIGN KEY (administrator_id) REFERENCES public.administrator(id);


--
-- TOC entry 3010 (class 2606 OID 25718)
-- Name: disease_case case_disease_id_fkey; Type: FK CONSTRAINT; Schema: public; Owner: postgres
--

ALTER TABLE ONLY public.disease_case
    ADD CONSTRAINT case_disease_id_fkey FOREIGN KEY (disease_id) REFERENCES public.disease_dict(id);


--
-- TOC entry 3009 (class 2606 OID 25713)
-- Name: disease_case case_healer_id_fkey; Type: FK CONSTRAINT; Schema: public; Owner: postgres
--

ALTER TABLE ONLY public.disease_case
    ADD CONSTRAINT case_healer_id_fkey FOREIGN KEY (healer_id) REFERENCES public.healer(id);


--
-- TOC entry 3007 (class 2606 OID 25703)
-- Name: disease_case case_patient_id_fkey; Type: FK CONSTRAINT; Schema: public; Owner: postgres
--

ALTER TABLE ONLY public.disease_case
    ADD CONSTRAINT case_patient_id_fkey FOREIGN KEY (patient_id) REFERENCES public.patient(id);


--
-- TOC entry 3012 (class 2606 OID 25728)
-- Name: disease_case case_prayer_id_fkey; Type: FK CONSTRAINT; Schema: public; Owner: postgres
--

ALTER TABLE ONLY public.disease_case
    ADD CONSTRAINT case_prayer_id_fkey FOREIGN KEY (prayer_id) REFERENCES public.prayer(id);


--
-- TOC entry 3011 (class 2606 OID 25723)
-- Name: disease_case case_request_id_fkey; Type: FK CONSTRAINT; Schema: public; Owner: postgres
--

ALTER TABLE ONLY public.disease_case
    ADD CONSTRAINT case_request_id_fkey FOREIGN KEY (request_id) REFERENCES public.request(id);


--
-- TOC entry 2993 (class 2606 OID 25525)
-- Name: god god_login_fkey; Type: FK CONSTRAINT; Schema: public; Owner: postgres
--

ALTER TABLE ONLY public.god
    ADD CONSTRAINT god_login_fkey FOREIGN KEY (login) REFERENCES public.login_info(login);


--
-- TOC entry 2998 (class 2606 OID 25595)
-- Name: healer healer_login_fkey; Type: FK CONSTRAINT; Schema: public; Owner: postgres
--

ALTER TABLE ONLY public.healer
    ADD CONSTRAINT healer_login_fkey FOREIGN KEY (login) REFERENCES public.login_info(login);


--
-- TOC entry 2997 (class 2606 OID 25590)
-- Name: healer healer_social_status_fkey; Type: FK CONSTRAINT; Schema: public; Owner: postgres
--

ALTER TABLE ONLY public.healer
    ADD CONSTRAINT healer_social_status_fkey FOREIGN KEY (social_status) REFERENCES public.social_status_dict(id);


--
-- TOC entry 2994 (class 2606 OID 25541)
-- Name: helper helper_login_fkey; Type: FK CONSTRAINT; Schema: public; Owner: postgres
--

ALTER TABLE ONLY public.helper
    ADD CONSTRAINT helper_login_fkey FOREIGN KEY (login) REFERENCES public.login_info(login);


--
-- TOC entry 2992 (class 2606 OID 25762)
-- Name: login_info login_info__role_id__role_dict; Type: FK CONSTRAINT; Schema: public; Owner: postgres
--

ALTER TABLE ONLY public.login_info
    ADD CONSTRAINT login_info__role_id__role_dict FOREIGN KEY (role_id) REFERENCES public.role_dict(id) NOT VALID;


--
-- TOC entry 3013 (class 2606 OID 25740)
-- Name: order order_request_id_fkey; Type: FK CONSTRAINT; Schema: public; Owner: postgres
--

ALTER TABLE ONLY public."order"
    ADD CONSTRAINT order_request_id_fkey FOREIGN KEY (request_id) REFERENCES public.request(id);


--
-- TOC entry 3014 (class 2606 OID 25745)
-- Name: order order_resource_id_fkey; Type: FK CONSTRAINT; Schema: public; Owner: postgres
--

ALTER TABLE ONLY public."order"
    ADD CONSTRAINT order_resource_id_fkey FOREIGN KEY (resource_id) REFERENCES public.resource_dict(id);


--
-- TOC entry 2999 (class 2606 OID 25612)
-- Name: patient patient_social_status_fkey; Type: FK CONSTRAINT; Schema: public; Owner: postgres
--

ALTER TABLE ONLY public.patient
    ADD CONSTRAINT patient_social_status_fkey FOREIGN KEY (social_status) REFERENCES public.social_status_dict(id);


--
-- TOC entry 3001 (class 2606 OID 25652)
-- Name: prayer prayer_god_id_fkey; Type: FK CONSTRAINT; Schema: public; Owner: postgres
--

ALTER TABLE ONLY public.prayer
    ADD CONSTRAINT prayer_god_id_fkey FOREIGN KEY (god_id) REFERENCES public.god(id);


--
-- TOC entry 3000 (class 2606 OID 25647)
-- Name: prayer prayer_healer_id_fkey; Type: FK CONSTRAINT; Schema: public; Owner: postgres
--

ALTER TABLE ONLY public.prayer
    ADD CONSTRAINT prayer_healer_id_fkey FOREIGN KEY (healer_id) REFERENCES public.healer(id);


--
-- TOC entry 3002 (class 2606 OID 25657)
-- Name: prayer prayer_patient_id_fkey; Type: FK CONSTRAINT; Schema: public; Owner: postgres
--

ALTER TABLE ONLY public.prayer
    ADD CONSTRAINT prayer_patient_id_fkey FOREIGN KEY (patient_id) REFERENCES public.patient(id);


--
-- TOC entry 3003 (class 2606 OID 25662)
-- Name: prayer prayer_status_fkey; Type: FK CONSTRAINT; Schema: public; Owner: postgres
--

ALTER TABLE ONLY public.prayer
    ADD CONSTRAINT prayer_status_fkey FOREIGN KEY (status) REFERENCES public.prayer_status_dict(id);


--
-- TOC entry 3004 (class 2606 OID 25678)
-- Name: request request_healer_id_fkey; Type: FK CONSTRAINT; Schema: public; Owner: postgres
--

ALTER TABLE ONLY public.request
    ADD CONSTRAINT request_healer_id_fkey FOREIGN KEY (healer_id) REFERENCES public.healer(id);


--
-- TOC entry 3005 (class 2606 OID 25683)
-- Name: request request_helper_id_fkey; Type: FK CONSTRAINT; Schema: public; Owner: postgres
--

ALTER TABLE ONLY public.request
    ADD CONSTRAINT request_helper_id_fkey FOREIGN KEY (helper_id) REFERENCES public.helper(id);


--
-- TOC entry 3006 (class 2606 OID 25688)
-- Name: request request_status_fkey; Type: FK CONSTRAINT; Schema: public; Owner: postgres
--

ALTER TABLE ONLY public.request
    ADD CONSTRAINT request_status_fkey FOREIGN KEY (status) REFERENCES public.prayer_status_dict(id);


--
-- TOC entry 3181 (class 0 OID 0)
-- Dependencies: 5
-- Name: SCHEMA public; Type: ACL; Schema: -; Owner: postgres
--

GRANT USAGE ON SCHEMA public TO god_backend;
GRANT USAGE ON SCHEMA public TO admin_backend;


--
-- TOC entry 3182 (class 0 OID 0)
-- Dependencies: 212
-- Name: TABLE administrator; Type: ACL; Schema: public; Owner: postgres
--

GRANT SELECT ON TABLE public.administrator TO admin_backend;


--
-- TOC entry 3183 (class 0 OID 0)
-- Dependencies: 226
-- Name: TABLE disease_case; Type: ACL; Schema: public; Owner: postgres
--

GRANT SELECT,INSERT ON TABLE public.disease_case TO admin_backend;
GRANT SELECT ON TABLE public.disease_case TO god_backend;


--
-- TOC entry 3184 (class 0 OID 0)
-- Dependencies: 203
-- Name: TABLE disease_dict; Type: ACL; Schema: public; Owner: postgres
--

GRANT SELECT ON TABLE public.disease_dict TO admin_backend;
GRANT SELECT ON TABLE public.disease_dict TO god_backend;


--
-- TOC entry 3185 (class 0 OID 0)
-- Dependencies: 206
-- Name: TABLE god; Type: ACL; Schema: public; Owner: postgres
--

GRANT SELECT ON TABLE public.god TO god_backend;


--
-- TOC entry 3186 (class 0 OID 0)
-- Dependencies: 214
-- Name: TABLE healer; Type: ACL; Schema: public; Owner: postgres
--

GRANT SELECT ON TABLE public.healer TO god_backend;
GRANT SELECT ON TABLE public.healer TO admin_backend;


--
-- TOC entry 3187 (class 0 OID 0)
-- Dependencies: 204
-- Name: TABLE login_info; Type: ACL; Schema: public; Owner: postgres
--

GRANT SELECT ON TABLE public.login_info TO god_backend;
GRANT SELECT ON TABLE public.login_info TO admin_backend;


--
-- TOC entry 3188 (class 0 OID 0)
-- Dependencies: 216
-- Name: TABLE patient; Type: ACL; Schema: public; Owner: postgres
--

GRANT SELECT ON TABLE public.patient TO god_backend;
GRANT SELECT,INSERT,UPDATE ON TABLE public.patient TO admin_backend;


--
-- TOC entry 3189 (class 0 OID 0)
-- Dependencies: 222
-- Name: TABLE prayer; Type: ACL; Schema: public; Owner: postgres
--

GRANT SELECT,UPDATE ON TABLE public.prayer TO god_backend;


--
-- TOC entry 3190 (class 0 OID 0)
-- Dependencies: 218
-- Name: TABLE prayer_status_dict; Type: ACL; Schema: public; Owner: postgres
--

GRANT SELECT ON TABLE public.prayer_status_dict TO god_backend;


--
-- TOC entry 3191 (class 0 OID 0)
-- Dependencies: 230
-- Name: TABLE role_dict; Type: ACL; Schema: public; Owner: postgres
--

GRANT SELECT ON TABLE public.role_dict TO god_backend;
GRANT SELECT ON TABLE public.role_dict TO admin_backend;


--
-- TOC entry 3192 (class 0 OID 0)
-- Dependencies: 210
-- Name: TABLE social_status_dict; Type: ACL; Schema: public; Owner: postgres
--

GRANT SELECT ON TABLE public.social_status_dict TO god_backend;
GRANT SELECT ON TABLE public.social_status_dict TO admin_backend;


-- Completed on 2022-05-24 19:33:06

--
-- PostgreSQL database dump complete
--

